{
    "pages": [
        {
            "page_idx": 0,
            "dimensions": [
                1871,
                2403
            ],
            "orientation": {
                "value": null,
                "confidence": null
            },
            "language": {
                "value": null,
                "confidence": null
            },
            "blocks": [
                {
                    "geometry": [
                        [
                            0.3828125,
                            0.34949141501870656
                        ],
                        [
                            0.671875,
                            0.38711856126402994
                        ]
                    ],
                    "lines": [
                        {
                            "geometry": [
                                [
                                    0.3828125,
                                    0.34949141501870656
                                ],
                                [
                                    0.671875,
                                    0.3657965117250134
                                ]
                            ],
                            "words": [
                                {
                                    "value": "156",
                                    "confidence": 0.9989941716194153,
                                    "geometry": [
                                        [
                                            0.3828125,
                                            0.350745653226884
                                        ],
                                        [
                                            0.4013671875,
                                            0.3657965117250134
                                        ]
                                    ]
                                },
                                {
                                    "value": "Almeria",
                                    "confidence": 0.8438925743103027,
                                    "geometry": [
                                        [
                                            0.400390625,
                                            0.350745653226884
                                        ],
                                        [
                                            0.4384765625,
                                            0.3657965117250134
                                        ]
                                    ]
                                },
                                {
                                    "value": "Avenue",
                                    "confidence": 0.9991284012794495,
                                    "geometry": [
                                        [
                                            0.4384765625,
                                            0.350745653226884
                                        ],
                                        [
                                            0.47265625,
                                            0.3657965117250134
                                        ]
                                    ]
                                },
                                {
                                    "value": "Suite",
                                    "confidence": 0.9982901215553284,
                                    "geometry": [
                                        [
                                            0.47265625,
                                            0.350745653226884
                                        ],
                                        [
                                            0.498046875,
                                            0.3657965117250134
                                        ]
                                    ]
                                },
                                {
                                    "value": "205",
                                    "confidence": 0.9998319149017334,
                                    "geometry": [
                                        [
                                            0.498046875,
                                            0.350745653226884
                                        ],
                                        [
                                            0.5166015625,
                                            0.3657965117250134
                                        ]
                                    ]
                                },
                                {
                                    "value": "Coral",
                                    "confidence": 0.9616735577583313,
                                    "geometry": [
                                        [
                                            0.5185546875,
                                            0.350745653226884
                                        ],
                                        [
                                            0.544921875,
                                            0.3657965117250134
                                        ]
                                    ]
                                },
                                {
                                    "value": "Gables,",
                                    "confidence": 0.9971801042556763,
                                    "geometry": [
                                        [
                                            0.544921875,
                                            0.350745653226884
                                        ],
                                        [
                                            0.580078125,
                                            0.3657965117250134
                                        ]
                                    ]
                                },
                                {
                                    "value": "Florida",
                                    "confidence": 0.9998457431793213,
                                    "geometry": [
                                        [
                                            0.580078125,
                                            0.34949141501870656
                                        ],
                                        [
                                            0.61328125,
                                            0.3645422735168359
                                        ]
                                    ]
                                },
                                {
                                    "value": "33134",
                                    "confidence": 0.9997299313545227,
                                    "geometry": [
                                        [
                                            0.61328125,
                                            0.350745653226884
                                        ],
                                        [
                                            0.6435546875,
                                            0.3645422735168359
                                        ]
                                    ]
                                },
                                {
                                    "value": "USA",
                                    "confidence": 0.9986658096313477,